--
-- PostgreSQL database dump
--

-- Dumped from database version 12.5
-- Dumped by pg_dump version 12.5

SET statement_timeout = 0;
SET lock_timeout = 0;
SET idle_in_transaction_session_timeout = 0;
SET client_encoding = 'UTF8';
SET standard_conforming_strings = on;
SELECT pg_catalog.set_config('search_path', '', false);
SET check_function_bodies = false;
SET xmloption = content;
SET client_min_messages = warning;
SET row_security = off;

SET default_tablespace = '';

SET default_table_access_method = heap;

--
-- Name: attribute; Type: TABLE; Schema: public; Owner: postgres
--

CREATE TABLE public.attribute (
    id_product_attribute bigint NOT NULL,
    name text DEFAULT NULL::bpchar,
    value text DEFAULT NULL::bpchar,
    important boolean DEFAULT false NOT NULL
);


ALTER TABLE public.attribute OWNER TO postgres;

--
-- Name: attribute_idProductAttribute_seq; Type: SEQUENCE; Schema: public; Owner: postgres
--

ALTER TABLE public.attribute ALTER COLUMN id_product_attribute ADD GENERATED ALWAYS AS IDENTITY (
    SEQUENCE NAME public."attribute_idProductAttribute_seq"
    START WITH 489
    INCREMENT BY 1
    NO MINVALUE
    NO MAXVALUE
    CACHE 1
);


--
-- Name: cart; Type: TABLE; Schema: public; Owner: postgres
--

CREATE TABLE public.cart (
    id_cart bigint NOT NULL,
    amount bigint NOT NULL,
    id_product bigint NOT NULL,
    purchase_date timestamp without time zone DEFAULT CURRENT_TIMESTAMP(0),
    user_email text NOT NULL
);


ALTER TABLE public.cart OWNER TO postgres;

--
-- Name: cart_id_cart_seq; Type: SEQUENCE; Schema: public; Owner: postgres
--

ALTER TABLE public.cart ALTER COLUMN id_cart ADD GENERATED ALWAYS AS IDENTITY (
    SEQUENCE NAME public.cart_id_cart_seq
    START WITH 64
    INCREMENT BY 1
    NO MINVALUE
    NO MAXVALUE
    CACHE 1
);


--
-- Name: product; Type: TABLE; Schema: public; Owner: postgres
--

CREATE TABLE public.product (
    id_product bigint NOT NULL,
    name character(100) DEFAULT NULL::bpchar,
    price double precision,
    image_count bigint DEFAULT 0,
    type character(100) NOT NULL,
    brand character(100) NOT NULL,
    deleted boolean DEFAULT false,
    discount bigint DEFAULT 0
);


ALTER TABLE public.product OWNER TO postgres;

--
-- Name: product_attribute; Type: TABLE; Schema: public; Owner: postgres
--

CREATE TABLE public.product_attribute (
    product_id_product bigint NOT NULL,
    attribute_id_product_attribute bigint NOT NULL
);


ALTER TABLE public.product_attribute OWNER TO postgres;

--
-- Name: product_idProduct_seq; Type: SEQUENCE; Schema: public; Owner: postgres
--

ALTER TABLE public.product ALTER COLUMN id_product ADD GENERATED ALWAYS AS IDENTITY (
    SEQUENCE NAME public."product_idProduct_seq"
    START WITH 63
    INCREMENT BY 1
    NO MINVALUE
    NO MAXVALUE
    CACHE 1
);


--
-- Name: productamount; Type: TABLE; Schema: public; Owner: postgres
--

CREATE TABLE public.productamount (
    id_product_amount bigint NOT NULL,
    product_id_product bigint NOT NULL,
    amount bigint
);


ALTER TABLE public.productamount OWNER TO postgres;

--
-- Name: users; Type: TABLE; Schema: public; Owner: postgres
--

CREATE TABLE public.users (
    last_name text DEFAULT NULL::bpchar,
    password text DEFAULT NULL::bpchar,
    gender text DEFAULT NULL::bpchar,
    email text NOT NULL,
    phone_number text NOT NULL,
    address text NOT NULL,
    register_date time without time zone DEFAULT CURRENT_TIMESTAMP NOT NULL,
    last_activity time without time zone,
    authorization_ bigint DEFAULT 0 NOT NULL,
    name text DEFAULT NULL::bpchar
);


ALTER TABLE public.users OWNER TO postgres;

--
-- Data for Name: attribute; Type: TABLE DATA; Schema: public; Owner: postgres
--

COPY public.attribute (id_product_attribute, name, value, important) FROM stdin;
3	Dužina kabla	4m	f
14	Sistem	Virtual Surround 7.1	f
15	Prečnik zvučnika	50mm	t
16	Pozadinsko osvetljenje slušalica	Da	t
17	Mikrofon	Da	t
18	Povezivanje	USB	t
19	Kontrole na kablu	Da	t
20	Dužina kabla	2.2m	t
21	Boja	Crna	t
22	Frekventni odziv	20Hz - 20kHz	t
23	Osetljivost	117dB	t
24	Impedansa	16ohm	f
25	Pozicija mikrofona	Na ručici	f
26	Tip mikrofona	Omni-directional	f
27	Osetljivost mikrofona	-42dB	f
28	Impedansa mikrofona	2.2K Ω	f
29	Dimenzije	224 x 191 x 92 mm	f
31	EAN	8680096085895	f
32	Povezivanje	3.5mm + USB	f
33	Sistem	Stereo	f
34	Frekventni odziv	20Hz - 20kHz	f
53	Sistem	Virtual Surround 7.1	t
54	Mikrofon	Da	f
55	Impedansa	16 Ω	f
56	Povezivanje	USB	t
57	Impedansa mikrofona	2.2k Ω	f
58	Pozadinsko osvetljenje slušalica	Da	f
59	Pozicija mikrofona	Na ručici	f
60	Tip mikrofona	Višesmerni (omni-directional)	f
61	Masa	355 g	f
62	Osetljivost mikrofona	-42 dB	f
63	Osetljivost	117dB	t
64	Dimenzije	224 x 191 x 92 mm	f
65	Prečnik zvučnika	50mm	t
66	Ostalo	LED RGB pozadinsko osvetljenje Pleteni kabl pruža veću izdržljivost	f
67	Prava potrošača	Zagarantovana sva prava kupaca po osnovu zakona o zaštiti potrošača	f
68	EAN	8680096085895	t
69	Frekventni odziv	20Hz - 20kHz	t
70	Dužina kabla	2.2m	t
71	Kontrole	Podešavanje jačine zvuka, uključivanje/isključivanje mikrofona (mute) i kontrola pozadinskog osvetljenja	f
72	Boja	Crna	f
73	Razno	Link proizvođača	f
74	Kontrole na kablu	Da	f
131	Sistem	Stereo	t
132	Mikrofon	Da	f
133	Impedansa	32 Ω	f
134	Povezivanje	2 x 3.5mm	t
135	Pozicija mikrofona	Na ručici	f
136	Osetljivost mikrofona	-58 dB	f
137	Osetljivost	111dB	t
138	Prečnik zvučnika	50mm	t
139	Prava potrošača	Zagarantovana sva prava kupaca po osnovu zakona o zaštiti potrošača	f
140	EAN	4711421739115	t
141	Frekventni odziv	20Hz - 20kHz	t
142	Dužina kabla	2m	t
143	Kontrole	- Kontrole jačine zvuka i isključivanje mikrofona	f
144	Boja	Crna	f
145	Razno	Link proizvođača	f
146	Kontrole na kablu	Da	f
147	Opis (karakteristike)	Gejmerske slušalice. - Podesiva traka za glavu - U paketu se dobija držač za slušalice	f
148	Sistem	Stereo	t
149	Mikrofon	Da	f
150	Povezivanje	USB	t
151	Impedansa mikrofona	2.2k Ω	f
152	Pozicija mikrofona	Na ručici	f
153	Tip mikrofona	Višesmerni (omni-directional)	t
154	Osetljivost mikrofona	-58 dB	t
155	Osetljivost	98dB	t
156	Frekventni odziv mikrofona	30Hz – 16kHz	f
157	Prava potrošača	Zagarantovana sva prava kupaca po osnovu zakona o zaštiti potrošača	f
158	EAN	6957224004120	t
159	Frekventni odziv	18Hz - 20kHz	t
160	Kontrole	Kontrola jačine zvuka na kablu	f
161	Boja	Crna	f
162	Razno	Link proizvođača	f
163	Sistem	Virtual Surround 7.1	t
164	Mikrofon	Da	f
165	Impedansa	60 Ω	f
166	Povezivanje	3.5mm (četvoropolni) + USB	t
167	Impedansa mikrofona	2.2k Ω	f
168	Pozadinsko osvetljenje slušalica	Ne	f
169	Pozicija mikrofona	Na ručici	f
170	Poništavanje okolne buke (mik.)	Da	f
171	Masa	350g	f
172	Osetljivost	98dB	t
173	Frekventni odziv mikrofona	50Hz – 18kHz	f
174	Maksimalna ulazna snaga	150mW	f
175	Prečnik zvučnika	53mm	t
176	Prava potrošača	Zagarantovana sva prava kupaca po osnovu zakona o zaštiti potrošača	f
177	EAN	740617235692	t
178	Frekventni odziv	15Hz - 25kHz	t
179	Odvojiv mikrofon	Da	f
180	Dužina kabla	1m + 2m produžetak	t
181	Kontrole	Nezavisna kontrola jačine slušalica i mikrofona na kablu kao i isključivanje mikrofona.	f
182	Boja	Crna/crvena	f
183	Razno	Link proizvođača	f
184	Kontrole na kablu	Da	f
185	Tip magneta	Neodimijum	f
186	Opis (karakteristike)	Gejmerske slušalice sa virtualnim 7.1 zvučnim sistemom. Ugrađen napredan USB audio box sa DSP zvučnom kartom. Digitalno poboljšan mikrofom sa funkcijom odstranjivanja pozadinske buke. Mekani ušni jastučići sa memorijskom penom. Kompatibilnost: desktop, notebook, mobilni telefoni, PlayStation 4	f
187	Sistem	Stereo	t
188	Mikrofon	Da	f
189	Impedansa	16 Ω	f
190	Povezivanje	3.5mm (četvoropolni)	t
191	Pozadinsko osvetljenje slušalica	Ne	f
192	Pozicija mikrofona	Na ručici	f
193	Poništavanje okolne buke (mik.)	Da	f
194	Masa	215 g	f
195	Osetljivost mikrofona	-41 dB	f
196	Osetljivost	99dB	t
197	Frekventni odziv mikrofona	50Hz – 18kHz	f
198	Prečnik zvučnika	40mm	t
308	Prečnik zvučnika	50mm	t
199	Prava potrošača	Zagarantovana sva prava kupaca po osnovu zakona o zaštiti potrošača	f
200	EAN	740617272321	t
201	Frekventni odziv	20Hz - 20kHz	t
202	Dužina kabla	1.3m	t
203	Kontrole	Podešavanje jačine zvuka i isključivanje mikrofona	f
204	Boja	Crna	f
205	Razno	Link proizvođača	f
206	Kontrole na kablu	Da	f
207	Tip magneta	Neodimijum	f
208	Opis (karakteristike)	Multi-platform podrška (PlayStation 4, Xbox One, Nintendo Switch, Smart telefoni) Mikrofon sa odstranjivanjem pozadinske buke Metalni slajder garantuje kvalitet Mekani jastučići za dodatnu udobnost	f
209	Sistem	Stereo	t
210	Mikrofon	Da	f
211	Impedansa	32 Ω	f
212	Povezivanje	2 x 3.5mm	t
213	EAN	8680096016196	t
214	Pozadinsko osvetljenje slušalica	Ne	f
215	Pozicija mikrofona	Na ručici	f
216	Osetljivost	103dB	t
217	Dužina kabla	1.7m	t
218	Boja	Crna/crvena	f
219	Prava potrošača	Zagarantovana sva prava kupaca po osnovu zakona o zaštiti potrošača	f
220	Sistem	Stereo	t
221	Mikrofon	Da	t
222	Impedansa	32 Ω	f
223	Povezivanje	Bluetooth + 3.5mm (četvoropolni)	t
224	Pozadinsko osvetljenje slušalica	Ne	f
225	Pozicija mikrofona	Integrisan u slušalici	f
226	Tip mikrofona	Dvosmerni (bi-directional)	t
227	Poništavanje okolne buke (mik.)	Da	t
228	Masa	308 g	f
229	Dimenzije	220 x 210 x 90 mm	f
230	Prečnik zvučnika	40mm	t
231	Ostalo	Autonomija baterije: do 10 sati Vreme punjenja baterije: približno 4 sata Domet: 10m Kapacitet baterije: 500 mAh	f
232	Prava potrošača	Zagarantovana sva prava kupaca po osnovu zakona o zaštiti potrošača	f
233	EAN	8680096067747	t
234	Kontrole	Podešavanje jačine zvuka i kontrola muzike	f
235	Boja	Crna	f
236	Razno	Link proizvođača	f
237	Sklopiv dizajn	Da	f
238	Sistem	Virtual Surround 7.1	t
239	Mikrofon	Da	f
240	Impedansa	32 Ω	f
241	Povezivanje	3.5mm (četvoropolni) + USB	t
242	Impedansa mikrofona	2.2k Ω	f
243	Pozadinsko osvetljenje slušalica	Ne	f
244	Pozicija mikrofona	Na ručici	f
245	Tip mikrofona	Višesmerni (omni-directional)	f
246	Masa	294 g	f
247	Osetljivost mikrofona	-38 dB	f
248	Osetljivost	103dB	t
249	Dimenzije	96 x 210 x 196 mm	f
250	Prečnik zvučnika	50mm	t
251	Prava potrošača	Zagarantovana sva prava kupaca po osnovu zakona o zaštiti potrošača	f
252	EAN	8680096081880	t
253	Frekventni odziv	15Hz - 26kHz	t
254	Odvojiv mikrofon	Da	f
255	Dužina kabla	1.2m + 2.1m produžetak	t
256	Kontrole	Podešavanje jačine zvuka i mikrofona, taster za trenutno utišavanje mikrofona i taster za menjanje modova LED indikator trenutnog moda	f
257	Boja	Crna	f
258	Razno	Link proizvođača	f
259	Kontrole na kablu	Da	f
260	Tip magneta	Neodimijum	f
261	Sistem	Stereo	t
262	Mikrofon	Da	f
263	Povezivanje	3.5mm (četvoropolni)	t
264	Pozadinsko osvetljenje slušalica	Ne	f
265	Pozicija mikrofona	Na ručici	f
266	Prečnik zvučnika	40mm	t
267	Ostalo	Slušalice poseduju zvaničnu Sony PlayStation licencu	f
268	Prava potrošača	Zagarantovana sva prava kupaca po osnovu zakona o zaštiti potrošača	f
269	EAN	5055269709695	t
270	Odvojiv mikrofon	Da	f
271	Kontrole	Podešavanje jačine zvuka i četa, kao i trenutno utišavanje mikrofona	f
272	Boja	Bela	f
273	Razno	Link proizvođača	f
274	Kontrole na kablu	Da	f
275	Sistem	Mono	t
276	Mikrofon	Da	f
277	Impedansa	32 Ω	f
278	Povezivanje	3.5mm (četvoropolni)	t
279	Odnos signal/šum (SNR)	55dB	f
280	Pozadinsko osvetljenje slušalica	Ne	f
281	Pozicija mikrofona	Na ručici	f
282	Tip mikrofona	Usmereni (uni-directional)	f
283	Poništavanje okolne buke (mik.)	Da	f
284	Masa	70 g	f
285	Osetljivost mikrofona	-41 dB	f
286	Osetljivost	107dB	t
287	Frekventni odziv mikrofona	100Hz – 10kHz	f
288	Prečnik zvučnika	32mm	t
289	Ostalo	Slušalice poseduju zvaničnu Sony PlayStation licencu Mogućnost nošenja slušalica na levom ili desnom uvetu	f
290	Prava potrošača	Zagarantovana sva prava kupaca po osnovu zakona o zaštiti potrošača	f
291	EAN	8886419378303	t
292	Frekventni odziv	20Hz - 20kHz	t
293	Dužina kabla	1.3m	t
294	Kontrole	Utišavanje mikrofona i podešavanje jačine zvuka	f
295	Boja	Crna	f
296	Razno	Link proizvođača	f
297	Kontrole na kablu	Da	f
298	Tip magneta	Neodimijum	f
299	Sistem	Stereo	t
300	Mikrofon	Ne	f
301	Impedansa	32 Ω	f
302	Povezivanje	2 x 3.5mm + USB	t
303	Impedansa mikrofona	2.2k Ω	f
304	Pozadinsko osvetljenje slušalica	Da	f
305	Pozicija mikrofona	Na ručici	f
306	Tip mikrofona	Višesmerni (omni-directional)	f
307	Osetljivost mikrofona	-32 dB	f
309	Ostalo	LED pozadinsko osvetljenje sa 7 dostupnih boja Pleteni kabl	f
310	Prava potrošača	Zagarantovana sva prava kupaca po osnovu zakona o zaštiti potrošača	f
311	EAN	616320539641	t
312	Frekventni odziv	20Hz - 20kHz	t
313	Dužina kabla	2m	t
314	Kontrole	Podešavanje jačine zvuka Taster za utišavanje mikrofona	f
315	Boja	Crna	f
316	Razno	Link proizvođača	f
317	Sistem	Stereo	t
318	Mikrofon	Da	f
319	Impedansa	16 Ω	f
320	Povezivanje	USB	t
321	Odnos signal/šum (SNR)	50dB	f
322	Pozadinsko osvetljenje slušalica	Da	f
323	Pozicija mikrofona	Na ručici	f
324	Tip mikrofona	Višesmerni (omni-directional)	f
325	Poništavanje okolne buke (mik.)	Da	f
326	Masa	348 g	f
327	Osetljivost mikrofona	-38 dB	f
328	Osetljivost	115dB	t
329	Frekventni odziv mikrofona	100Hz – 16kHz	f
330	Maksimalna ulazna snaga	180mW	f
331	Dimenzije	200 x 220 x 105 mm (ŠxVxD)	f
332	Prečnik zvučnika	50mm	t
333	Ostalo	RGB logo na slušalicama	f
334	Prava potrošača	Zagarantovana sva prava kupaca po osnovu zakona o zaštiti potrošača	f
335	EAN	4719512077641	t
336	Frekventni odziv	20Hz - 20kHz	t
337	Dužina kabla	2.3m	t
338	Boja	Crna	f
339	Razno	Link proizvođača	f
340	Tip magneta	Neodimijum	f
341	Povezivanje	3.5mm (četvoropolni) + adapter 2 x 3.5mm	t
342	Odnos signal/šum (SNR)	50dB	f
343	Pozadinsko osvetljenje slušalica	Da	f
344	Tip mikrofona	Višesmerni (omni-directional)	f
345	Dimenzije	192 x 191,5 x 85,5 mm (ŠxVxD)	f
346	Prečnik zvučnika	50mm	t
347	Kontrole	Podešavanje jačine zvuka i utišavanje mikrofona	f
348	Odvojiv kabl	Da	f
349	Sistem	Stereo	t
350	Mikrofon	Da	f
351	Impedansa	32 Ω	f
352	Pozicija mikrofona	Na ručici	f
353	Masa	304 g	f
354	Osetljivost mikrofona	-40 dB	f
355	Osetljivost	107dB	t
356	Frekventni odziv mikrofona	50Hz – 18kHz	f
357	Maksimalna ulazna snaga	180mW	f
358	Prava potrošača	Zagarantovana sva prava kupaca po osnovu zakona o zaštiti potrošača	f
359	EAN	4719512094389	t
360	Frekventni odziv	15Hz - 25kHz	t
361	Odvojiv mikrofon	Da	f
362	Dužina kabla	1.5m + 0.3m produžetak	t
363	Boja	Crna	f
364	Razno	Link proizvođača	f
365	Tip magneta	Neodimijum	f
366	Sklopiv dizajn	Da	f
367	Sistem	Stereo	t
368	Mikrofon	Da	f
369	Impedansa	32 Ω	f
370	Povezivanje	2 x 3.5mm	t
371	Pozadinsko osvetljenje slušalica	Ne	f
372	Pozicija mikrofona	Na ručici	f
373	Tip mikrofona	Višesmerni (omni-directional)	f
374	Osetljivost mikrofona	-58 dB	f
375	Osetljivost	118dB	t
376	Prečnik zvučnika	40mm	t
377	Prava potrošača	Zagarantovana sva prava kupaca po osnovu zakona o zaštiti potrošača	f
378	EAN	6932391920381	t
379	Frekventni odziv	20Hz - 20kHz	t
380	Dužina kabla	2m	t
381	Kontrole	Podešavanje jačine zvuka na slušalici	f
382	Boja	Crna/crvena	f
383	Razno	Link proizvođača	f
384	Sistem	Stereo	t
385	Mikrofon	Da	f
386	Impedansa	32 Ω	f
387	Povezivanje	3.5mm (četvoropolni) + USB (za LED osvetljenje) + adapter 2 x 3.5mm	t
388	Pozadinsko osvetljenje slušalica	Da	f
389	Pozicija mikrofona	Na ručici	f
390	Tip mikrofona	Višesmerni (omni-directional)	f
391	Masa	250 g	f
392	Osetljivost	105dB	t
393	Frekventni odziv mikrofona	50Hz – 10kHz	f
394	Dimenzije	220 x 190 x 100 mm	f
395	Prečnik zvučnika	40mm	t
396	Ostalo	Podrška za Windows, MacOS i ChromeOS	f
397	Prava potrošača	Zagarantovana sva prava kupaca po osnovu zakona o zaštiti potrošača	f
398	EAN	8713439233728	t
399	Frekventni odziv	20Hz - 20kHz	t
400	Dužina kabla	2m	t
401	Kontrole	Podešavanje jačine zvuka i utišavanje mikrofona	f
402	Boja	Crna	f
403	Razno	Link proizvođača	f
404	Kontrole na kablu	Da	f
405	Tip magneta	Neodimijum	f
406	Sistem	Virtual Surround 7.1	t
407	Mikrofon	Da	f
408	Impedansa	32 Ω	f
409	Povezivanje	USB	t
410	Impedansa mikrofona	2.2k Ω	f
411	Pozadinsko osvetljenje slušalica	Da	f
412	Pozicija mikrofona	Na ručici	f
413	Tip mikrofona	Dvosmerni (bi-directional)	f
414	Osetljivost mikrofona	-48 dB	f
415	Osetljivost	108dB	t
416	Frekventni odziv mikrofona	50Hz – 10kHz	f
417	Maksimalna ulazna snaga	100mW	f
418	Prečnik zvučnika	50mm	t
419	Ostalo	Pleteni kabl	f
420	Prava potrošača	Zagarantovana sva prava kupaca po osnovu zakona o zaštiti potrošača	f
421	EAN	8680096033094	t
422	Frekventni odziv	20Hz - 20kHz	t
423	Dužina kabla	2.1m	t
424	Kontrole	Podešavanje jačine zvuka	f
425	Boja	Crna/crvena	f
426	Razno	Link proizvođača	f
427	Kontrole na kablu	Da	f
428	Tip magneta	Neodimijum	f
429	Sistem	Stereo	t
430	Mikrofon	Da	f
431	Impedansa	32 Ω	f
432	Povezivanje	USB Type-C + USB adapter	t
433	Pozadinsko osvetljenje slušalica	Da	f
434	Pozicija mikrofona	Na ručici	f
435	Tip mikrofona	Usmereni (uni-directional)	f
436	Masa	387 g	f
437	Osetljivost mikrofona	-40 dB	f
438	Frekventni odziv mikrofona	100Hz – 10kHz	f
439	Hi-Res Audio	Da	f
440	Prečnik zvučnika	50mm	t
441	Ostalo	Podrška za Windows, Mac, PlayStation 4, Xbox One, Nintendo Switch i mobilne uređaje	f
442	Prava potrošača	Zagarantovana sva prava kupaca po osnovu zakona o zaštiti potrošača	f
443	EAN	4718017048217	t
444	Frekventni odziv	20Hz - 40KHz	t
445	Odvojiv mikrofon	Da	f
446	Dužina kabla	1.5m + 1m produžetak	t
447	Kontrole	Podešavanje jačine zvuka, osvetljenja i utišavanje mikrofona	f
448	Boja	Crna	f
449	Razno	Link proizvođača	f
450	Tip magneta	Neodimijum	f
451	Opis (karakteristike)	LED RGB pozadinsko osvetljenje sa Aura Sync programom za podešavanje efekata Slušalice poseduju Discord i Teamspeak sertifikat Indikator na mikrofonu koji prikazuje da li je mikrofon uključen/isključen	f
452	Sklopiv dizajn	Da	f
453	Sistem	Mono	t
454	Mikrofon	Da	f
455	Impedansa	16 Ω	f
456	Povezivanje	3.5mm (četvoropolni)	t
457	Pozadinsko osvetljenje slušalica	Ne	f
458	Pozicija mikrofona	Na ručici	f
459	Tip mikrofona	Dvosmerni (bi-directional)	f
460	Poništavanje okolne buke (mik.)	Da	f
461	Masa	123 g	f
462	Osetljivost mikrofona	-42 dB	f
463	Osetljivost	85dB	t
464	Frekventni odziv mikrofona	50Hz – 18kHz	f
465	Dimenzije	145 x 195 x 83 mm (ŠxVxD)	f
466	Prečnik zvučnika	40mm	t
467	Prava potrošača	Zagarantovana sva prava kupaca po osnovu zakona o zaštiti potrošača	f
468	EAN	740617292657	t
469	Frekventni odziv	50Hz - 10kHz	t
470	Dužina kabla	1.3m	t
471	Kontrole	Podešavanje jačine zvuka i trenutno utišavanje mikrofona	f
472	Boja	Crna	f
473	Razno	Link proizvođača	f
474	Kontrole na kablu	Da	f
475	Tip magneta	Neodimijum	f
476	Opis (karakteristike)	Zvanični proizvod sa Xbox licencom Izuzetno čist glas zahvaljujući potiskivanju pozadinske buke Lagan i udoban dizajn sa opcijom nošenja slušalica na levom ili desnom uvetu Pristupačne kontrole na kablu	f
\.


--
-- Data for Name: cart; Type: TABLE DATA; Schema: public; Owner: postgres
--

COPY public.cart (id_cart, amount, id_product, purchase_date, user_email) FROM stdin;
6	1	34	2020-11-24 16:14:54	aleksandarignjatovic6@gmail.com
8	3	34	2020-11-24 16:35:29	aleksandarignjatovic6@gmail.com
10	1	34	2020-11-24 21:33:20	aleksandarignjatovic6@gmail.com
16	1	34	2020-11-17 21:58:11	aca98@gmail.com
18	1	34	2020-11-19 22:10:12	aca98@gmail.com
23	1	34	2020-11-24 22:16:42	aca981@gmail.com
25	1	34	2020-11-24 22:19:16	aca982@gmail.com
27	1	34	2020-08-24 22:19:35	aca983@gmail.com
29	1	34	2020-12-02 17:54:43	aleksandarignjatovic6@gmail.com
31	1	42	2020-12-02 17:54:43	aleksandarignjatovic6@gmail.com
32	1	43	2020-12-02 17:54:43	aleksandarignjatovic6@gmail.com
33	1	34	2020-12-02 18:20:00	aleksandarignjatovic6@gmail.com
35	1	42	2020-12-02 18:20:00	aleksandarignjatovic6@gmail.com
36	1	43	2020-12-02 18:20:00	aleksandarignjatovic6@gmail.com
37	1	34	2020-12-02 18:20:29	aleksandarignjatovic10@gmail.com
39	1	42	2020-12-02 18:20:29	aleksandarignjatovic10@gmail.com
40	1	43	2020-12-02 18:20:29	aleksandarignjatovic10@gmail.com
41	1	34	2020-12-03 17:05:24	aleksandarignjatovic6@gmail.com
42	1	43	2020-12-03 17:05:24	aleksandarignjatovic6@gmail.com
43	1	44	2020-12-03 17:05:24	aleksandarignjatovic6@gmail.com
44	1	47	2020-12-03 17:05:24	aleksandarignjatovic6@gmail.com
45	1	52	2020-12-03 17:05:24	aleksandarignjatovic6@gmail.com
46	1	53	2020-12-03 17:05:24	aleksandarignjatovic6@gmail.com
47	1	54	2020-12-03 17:05:24	aleksandarignjatovic6@gmail.com
48	1	43	2020-12-03 17:26:48	aleksandarignjatovic10@gmail.com
49	1	44	2020-12-03 17:26:48	aleksandarignjatovic10@gmail.com
50	1	45	2020-12-03 17:26:48	aleksandarignjatovic10@gmail.com
51	1	48	2020-12-03 17:26:48	aleksandarignjatovic10@gmail.com
52	1	49	2020-12-03 17:26:48	aleksandarignjatovic10@gmail.com
53	1	53	2020-12-03 17:26:48	aleksandarignjatovic10@gmail.com
54	1	54	2020-12-03 17:26:48	aleksandarignjatovic10@gmail.com
55	1	56	2020-12-03 17:26:48	aleksandarignjatovic10@gmail.com
56	1	43	2020-12-03 17:37:38	aleksandarignjatovic10@gmail.com
57	1	44	2020-12-03 17:37:38	aleksandarignjatovic10@gmail.com
58	1	45	2020-12-03 17:37:38	aleksandarignjatovic10@gmail.com
59	1	48	2020-12-03 17:37:38	aleksandarignjatovic10@gmail.com
60	1	34	2020-12-03 19:28:46	ivan93@gmail.com
61	1	42	2020-12-03 19:28:46	ivan93@gmail.com
62	1	43	2020-12-03 19:28:46	ivan93@gmail.com
63	1	44	2020-12-03 19:28:46	ivan93@gmail.com
70	1	46	2020-12-23 00:58:58	aca981@gmail.com
64	1	47	2020-12-22 23:21:24	aleksandarignjatovic6@gmail.com
65	1	44	2020-12-22 23:33:54	aca981@gmail.com
66	2	47	2020-12-22 23:33:54	aca981@gmail.com
67	1	47	2020-12-23 00:44:11	aca981@gmail.com
68	2	43	2020-12-23 00:52:35	aca981@gmail.com
69	1	49	2020-12-23 00:57:46	aca981@gmail.com
71	1	42	2020-12-23 01:05:08	aca981@gmail.com
\.


--
-- Data for Name: product; Type: TABLE DATA; Schema: public; Owner: postgres
--

COPY public.product (id_product, name, price, image_count, type, brand, deleted, discount) FROM stdin;
34	Gejmerske slušalice RM-K19 Raging Plusus                                                            	4699	3	headphones                                                                                          	RAMPAGE                                                                                             	f	10
43	HYPERX Cloud II Headset Pro Gaming Headset (Red) - KHX-HSCP-RD                                      	13999	5	headphones                                                                                          	HYPERX                                                                                              	f	20
44	KINGSTON gejmerske slušalice HyperX Cloud Stinger Core - HX-HSCSC-BK                                	5999	3	headphones                                                                                          	KINGSTON                                                                                            	f	10
45	RAMPAGE gejmerke slušalice SN-R9 (Crno/Crvene)                                                      	1599	3	headphones                                                                                          	RAMPAGE                                                                                             	f	0
46	RAMPAGE bežične gejmerske slušalice RBT-18 BLISSFUL (Crne)                                          	5999	3	headphones                                                                                          	RAMPAGE                                                                                             	f	40
48	4GAMERS gejmerske slušalice PRO4-70 ROSE GOLD ABSTRACT EDITION (Bele)                               	4999	3	headphones                                                                                          	4GAMERS                                                                                             	f	20
49	RAZER gejmerske mono slušalice TETRA PS4 (Crne) - RZ04-02920200-R3G1                                	5199	3	headphones                                                                                          	RAZER                                                                                               	f	0
50	WHITE SHARK gejmerske slušalice MARGAY GH-1947 (Crne)                                               	3299	3	headphones                                                                                          	WHITE SHARK                                                                                         	f	0
51	COOLER MASTER Gejmerske slušalice CH321 (Crne)                                                      	6799	3	headphones                                                                                          	COOLER MASTER                                                                                       	f	0
52	COOLER MASTER Gejmerske slušalice MH630 (Crne)                                                      	9999	3	headphones                                                                                          	COOLER MASTER                                                                                       	f	0
53	MARVO gejmerske slušalice SCORPION H8321 (Crna/Crvena)                                              	1399	4	headphones                                                                                          	MARVO                                                                                               	f	0
54	TRUST gejmerske slušalice GXT 407 RAVU ILLUMINATED (Crne) - 23372                                   	3399	3	headphones                                                                                          	TRUST                                                                                               	f	0
55	RAMPAGE gejmerske slušalice SN-RW66 Alpha-X (Crvene/Crne) - 19340                                   	4999	4	headphones                                                                                          	RAMPAGE                                                                                             	f	0
56	ASUS gejmerske slušalice ROG DELTA (Crne) - 90YH00Z1-B2UA00                                         	24999	3	headphones                                                                                          	ASUS                                                                                                	f	0
57	KINGSTON gejmerske slušalice HyperX Cloud Chat (XBOX) - HX-HSCCHX-BK/WW                             	2599	3	headphones                                                                                          	KINGSTON                                                                                            	f	0
47	RAMPAGE gejmerske slušalice CHAMPION R81 (Crne)                                                     	12999	2	headphones                                                                                          	RAMPAGE                                                                                             	f	15
42	JETION JT-AEP002 stereo slušalice sa mikrofonom                                                     	2699	3	headphones                                                                                          	JETION                                                                                              	f	10
\.


--
-- Data for Name: product_attribute; Type: TABLE DATA; Schema: public; Owner: postgres
--

COPY public.product_attribute (product_id_product, attribute_id_product_attribute) FROM stdin;
43	163
43	164
43	165
43	166
43	167
43	168
43	169
43	170
43	171
43	172
43	173
43	174
43	175
43	176
43	177
43	178
43	179
43	180
43	181
43	182
43	183
43	184
43	185
43	186
44	187
44	188
44	189
44	190
44	191
44	192
44	193
44	194
44	195
44	196
44	197
44	198
44	199
44	200
44	201
44	202
44	203
44	204
44	205
44	206
44	207
44	208
45	209
45	210
45	211
45	212
45	213
45	214
45	215
45	216
45	217
45	218
45	219
47	238
47	239
47	240
47	241
47	242
47	243
47	244
47	245
47	246
47	247
47	248
47	249
47	250
47	251
47	252
47	253
47	254
47	255
47	256
47	257
47	258
47	259
47	260
48	261
48	262
48	263
48	264
48	265
48	266
48	267
48	268
48	269
48	270
48	271
48	272
48	273
48	274
49	275
49	276
49	277
49	278
49	279
49	280
49	281
49	282
49	283
49	284
49	285
49	286
49	287
49	288
49	289
49	290
49	291
49	292
49	293
49	294
49	295
49	296
49	297
49	298
50	299
50	300
50	301
50	302
50	303
50	304
50	305
50	306
50	307
50	308
50	309
50	310
50	311
50	312
50	313
50	314
50	315
50	316
51	317
51	318
51	319
51	320
51	321
51	322
51	323
51	324
51	325
51	326
51	327
51	328
51	329
51	330
51	331
51	332
51	333
51	334
51	335
51	336
51	337
51	338
51	339
51	340
52	341
52	342
52	343
52	344
52	345
52	346
52	347
52	348
52	349
52	350
52	351
52	352
52	353
52	354
52	355
52	356
52	357
52	358
52	359
52	360
52	361
52	362
52	363
52	364
52	365
52	366
53	367
53	368
53	369
53	370
53	371
53	372
53	373
53	374
53	375
53	376
53	377
53	378
53	379
53	380
53	381
53	382
53	383
54	384
54	385
54	386
54	387
54	388
54	389
54	390
54	391
54	392
54	393
54	394
54	395
54	396
54	397
54	398
54	399
54	400
54	401
54	402
54	403
54	404
54	405
55	406
55	407
55	408
55	409
55	410
55	411
55	412
55	413
55	414
55	415
55	416
55	417
55	418
55	419
55	420
55	421
55	422
55	423
55	424
55	425
55	426
55	427
55	428
56	429
56	430
56	431
56	432
56	433
56	434
56	435
56	436
56	437
56	438
56	439
56	440
56	441
56	442
56	443
56	444
56	445
56	446
56	447
56	448
56	449
56	450
56	451
56	452
57	453
57	454
57	455
57	456
57	457
57	458
57	459
57	460
57	461
57	462
57	463
57	464
57	465
57	466
57	467
57	468
57	469
57	470
57	471
57	472
57	473
57	474
57	475
57	476
34	14
34	15
34	16
34	17
34	18
34	19
34	20
34	21
34	22
34	23
34	24
34	25
34	26
34	27
34	28
34	29
34	31
46	220
46	221
46	222
46	223
46	224
46	225
46	226
46	227
46	228
46	229
46	230
46	231
46	232
46	233
46	234
46	235
46	237
42	148
42	149
42	150
42	151
42	152
42	153
42	154
42	155
42	156
42	157
42	158
42	159
42	160
42	161
42	162
43	163
43	164
43	165
43	166
43	167
43	168
43	169
43	170
43	171
43	172
43	173
43	174
43	175
43	176
43	177
43	178
43	179
43	180
43	181
43	182
43	183
43	184
43	185
43	186
44	187
44	188
44	189
44	190
44	191
44	192
44	193
44	194
44	195
44	196
44	197
44	198
44	199
44	200
44	201
44	202
44	203
44	204
44	205
44	206
44	207
44	208
45	209
45	210
45	211
45	212
45	213
45	214
45	215
45	216
45	217
45	218
45	219
47	238
47	239
47	240
47	241
47	242
47	243
47	244
47	245
47	246
47	247
47	248
47	249
47	250
47	251
47	252
47	253
47	254
47	255
47	256
47	257
47	258
47	259
47	260
48	261
48	262
48	263
48	264
48	265
48	266
48	267
48	268
48	269
48	270
48	271
48	272
48	273
48	274
49	275
49	276
49	277
49	278
49	279
49	280
49	281
49	282
49	283
49	284
49	285
49	286
49	287
49	288
49	289
49	290
49	291
49	292
49	293
49	294
49	295
49	296
49	297
49	298
50	299
50	300
50	301
50	302
50	303
50	304
50	305
50	306
50	307
50	308
50	309
50	310
50	311
50	312
50	313
50	314
50	315
50	316
51	317
51	318
51	319
51	320
51	321
51	322
51	323
51	324
51	325
51	326
51	327
51	328
51	329
51	330
51	331
51	332
51	333
51	334
51	335
51	336
51	337
51	338
51	339
51	340
52	341
52	342
52	343
52	344
52	345
52	346
52	347
52	348
52	349
52	350
52	351
52	352
52	353
52	354
52	355
52	356
52	357
52	358
52	359
52	360
52	361
52	362
52	363
52	364
52	365
52	366
53	367
53	368
53	369
53	370
53	371
53	372
53	373
53	374
53	375
53	376
53	377
53	378
53	379
53	380
53	381
53	382
53	383
54	384
54	385
54	386
54	387
54	388
54	389
54	390
54	391
54	392
54	393
54	394
54	395
54	396
54	397
54	398
54	399
54	400
54	401
54	402
54	403
54	404
54	405
55	406
55	407
55	408
55	409
55	410
55	411
55	412
55	413
55	414
55	415
55	416
55	417
55	418
55	419
55	420
55	421
55	422
55	423
55	424
55	425
55	426
55	427
55	428
56	429
56	430
56	431
56	432
56	433
56	434
56	435
56	436
56	437
56	438
56	439
56	440
56	441
56	442
56	443
56	444
56	445
56	446
56	447
56	448
56	449
56	450
56	451
56	452
57	453
57	454
57	455
57	456
57	457
57	458
57	459
57	460
57	461
57	462
57	463
57	464
57	465
57	466
57	467
57	468
57	469
57	470
57	471
57	472
57	473
57	474
57	475
57	476
34	14
34	15
34	16
34	17
34	18
34	19
34	20
34	21
34	22
34	23
34	24
34	25
34	26
34	27
34	28
34	29
34	31
46	220
46	221
46	222
46	223
46	224
46	225
46	226
46	227
46	228
46	229
46	230
46	231
46	232
46	233
46	234
46	235
46	237
42	148
42	149
42	150
42	151
42	152
42	153
42	154
42	155
42	156
42	157
42	158
42	159
42	160
42	161
42	162
43	163
43	164
43	165
43	166
43	167
43	168
43	169
43	170
43	171
43	172
43	173
43	174
43	175
43	176
43	177
43	178
43	179
43	180
43	181
43	182
43	183
43	184
43	185
43	186
44	187
44	188
44	189
44	190
44	191
44	192
44	193
44	194
44	195
44	196
44	197
44	198
44	199
44	200
44	201
44	202
44	203
44	204
44	205
44	206
44	207
44	208
45	209
45	210
45	211
45	212
45	213
45	214
45	215
45	216
45	217
45	218
45	219
47	238
47	239
47	240
47	241
47	242
47	243
47	244
47	245
47	246
47	247
47	248
47	249
47	250
47	251
47	252
47	253
47	254
47	255
47	256
47	257
47	258
47	259
47	260
48	261
48	262
48	263
48	264
48	265
48	266
48	267
48	268
48	269
48	270
48	271
48	272
48	273
48	274
49	275
49	276
49	277
49	278
49	279
49	280
49	281
49	282
49	283
49	284
49	285
49	286
49	287
49	288
49	289
49	290
49	291
49	292
49	293
49	294
49	295
49	296
49	297
49	298
50	299
50	300
50	301
50	302
50	303
50	304
50	305
50	306
50	307
50	308
50	309
50	310
50	311
50	312
50	313
50	314
50	315
50	316
51	317
51	318
51	319
51	320
51	321
51	322
51	323
51	324
51	325
51	326
51	327
51	328
51	329
51	330
51	331
51	332
51	333
51	334
51	335
51	336
51	337
51	338
51	339
51	340
52	341
52	342
52	343
52	344
52	345
52	346
52	347
52	348
52	349
52	350
52	351
52	352
52	353
52	354
52	355
52	356
52	357
52	358
52	359
52	360
52	361
52	362
52	363
52	364
52	365
52	366
53	367
53	368
53	369
53	370
53	371
53	372
53	373
53	374
53	375
53	376
53	377
53	378
53	379
53	380
53	381
53	382
53	383
54	384
54	385
54	386
54	387
54	388
54	389
54	390
54	391
54	392
54	393
54	394
54	395
54	396
54	397
54	398
54	399
54	400
54	401
54	402
54	403
54	404
54	405
55	406
55	407
55	408
55	409
55	410
55	411
55	412
55	413
55	414
55	415
55	416
55	417
55	418
55	419
55	420
55	421
55	422
55	423
55	424
55	425
55	426
55	427
55	428
56	429
56	430
56	431
56	432
56	433
56	434
56	435
56	436
56	437
56	438
56	439
56	440
56	441
56	442
56	443
56	444
56	445
56	446
56	447
56	448
56	449
56	450
56	451
56	452
57	453
57	454
57	455
57	456
57	457
57	458
57	459
57	460
57	461
57	462
57	463
57	464
57	465
57	466
57	467
57	468
57	469
57	470
57	471
57	472
57	473
57	474
57	475
57	476
34	14
34	15
34	16
34	17
34	18
34	19
34	20
34	21
34	22
34	23
34	24
34	25
34	26
34	27
34	28
34	29
34	31
46	220
46	221
46	222
46	223
46	224
46	225
46	226
46	227
46	228
46	229
46	230
46	231
46	232
46	233
46	234
46	235
46	237
42	148
42	149
42	150
42	151
42	152
42	153
42	154
42	155
42	156
42	157
42	158
42	159
42	160
42	161
42	162
43	163
43	164
43	165
43	166
43	167
43	168
43	169
43	170
43	171
43	172
43	173
43	174
43	175
43	176
43	177
43	178
43	179
43	180
43	181
43	182
43	183
43	184
43	185
43	186
44	187
44	188
44	189
44	190
44	191
44	192
44	193
44	194
44	195
44	196
44	197
44	198
44	199
44	200
44	201
44	202
44	203
44	204
44	205
44	206
44	207
44	208
45	209
45	210
45	211
45	212
45	213
45	214
45	215
45	216
45	217
45	218
45	219
47	238
47	239
47	240
47	241
47	242
47	243
47	244
47	245
47	246
47	247
47	248
47	249
47	250
47	251
47	252
47	253
47	254
47	255
47	256
47	257
47	258
47	259
47	260
48	261
48	262
48	263
48	264
48	265
48	266
48	267
48	268
48	269
48	270
48	271
48	272
48	273
48	274
49	275
49	276
49	277
49	278
49	279
49	280
49	281
49	282
49	283
49	284
49	285
49	286
49	287
49	288
49	289
49	290
49	291
49	292
49	293
49	294
49	295
49	296
49	297
49	298
50	299
50	300
50	301
50	302
50	303
50	304
50	305
50	306
50	307
50	308
50	309
50	310
50	311
50	312
50	313
50	314
50	315
50	316
51	317
51	318
51	319
51	320
51	321
51	322
51	323
51	324
51	325
51	326
51	327
51	328
51	329
51	330
51	331
51	332
51	333
51	334
51	335
51	336
51	337
51	338
51	339
51	340
52	341
52	342
52	343
52	344
52	345
52	346
52	347
52	348
52	349
52	350
52	351
52	352
52	353
52	354
52	355
52	356
52	357
52	358
52	359
52	360
52	361
52	362
52	363
52	364
52	365
52	366
53	367
53	368
53	369
53	370
53	371
53	372
53	373
53	374
53	375
53	376
53	377
53	378
53	379
53	380
53	381
53	382
53	383
54	384
54	385
54	386
54	387
54	388
54	389
54	390
54	391
54	392
54	393
54	394
54	395
54	396
54	397
54	398
54	399
54	400
54	401
54	402
54	403
54	404
54	405
55	406
55	407
55	408
55	409
55	410
55	411
55	412
55	413
55	414
55	415
55	416
55	417
55	418
55	419
55	420
55	421
55	422
55	423
55	424
55	425
55	426
55	427
55	428
56	429
56	430
56	431
56	432
56	433
56	434
56	435
56	436
56	437
56	438
56	439
56	440
56	441
56	442
56	443
56	444
56	445
56	446
56	447
56	448
56	449
56	450
56	451
56	452
57	453
57	454
57	455
57	456
57	457
57	458
57	459
57	460
57	461
57	462
57	463
57	464
57	465
57	466
57	467
57	468
57	469
57	470
57	471
57	472
57	473
57	474
57	475
57	476
34	14
34	15
34	16
34	17
34	18
34	19
34	20
34	21
34	22
34	23
34	24
34	25
34	26
34	27
34	28
34	29
34	31
46	220
46	221
46	222
46	223
46	224
46	225
46	226
46	227
46	228
46	229
46	230
46	231
46	232
46	233
46	234
46	235
46	237
42	148
42	149
42	150
42	151
42	152
42	153
42	154
42	155
42	156
42	157
42	158
42	159
42	160
42	161
42	162
43	163
43	164
43	165
43	166
43	167
43	168
43	169
43	170
43	171
43	172
43	173
43	174
43	175
43	176
43	177
43	178
43	179
43	180
43	181
43	182
43	183
43	184
43	185
43	186
44	187
44	188
44	189
44	190
44	191
44	192
44	193
44	194
44	195
44	196
44	197
44	198
44	199
44	200
44	201
44	202
44	203
44	204
44	205
44	206
44	207
44	208
45	209
45	210
45	211
45	212
45	213
45	214
45	215
45	216
45	217
45	218
45	219
47	238
47	239
47	240
47	241
47	242
47	243
47	244
47	245
47	246
47	247
47	248
47	249
47	250
47	251
47	252
47	253
47	254
47	255
47	256
47	257
47	258
47	259
47	260
48	261
48	262
48	263
48	264
48	265
48	266
48	267
48	268
48	269
48	270
48	271
48	272
48	273
48	274
49	275
49	276
49	277
49	278
49	279
49	280
49	281
49	282
49	283
49	284
49	285
49	286
49	287
49	288
49	289
49	290
49	291
49	292
49	293
49	294
49	295
49	296
49	297
49	298
50	299
50	300
50	301
50	302
50	303
50	304
50	305
50	306
50	307
50	308
50	309
50	310
50	311
50	312
50	313
50	314
50	315
50	316
51	317
51	318
51	319
51	320
51	321
51	322
51	323
51	324
51	325
51	326
51	327
51	328
51	329
51	330
51	331
51	332
51	333
51	334
51	335
51	336
51	337
51	338
51	339
51	340
52	341
52	342
52	343
52	344
52	345
52	346
52	347
52	348
52	349
52	350
52	351
52	352
52	353
52	354
52	355
52	356
52	357
52	358
52	359
52	360
52	361
52	362
52	363
52	364
52	365
52	366
53	367
53	368
53	369
53	370
53	371
53	372
53	373
53	374
53	375
53	376
53	377
53	378
53	379
53	380
53	381
53	382
53	383
54	384
54	385
54	386
54	387
54	388
54	389
54	390
54	391
54	392
54	393
54	394
54	395
54	396
54	397
54	398
54	399
54	400
54	401
54	402
54	403
54	404
54	405
55	406
55	407
55	408
55	409
55	410
55	411
55	412
55	413
55	414
55	415
55	416
55	417
55	418
55	419
55	420
55	421
55	422
55	423
55	424
55	425
55	426
55	427
55	428
56	429
56	430
56	431
56	432
56	433
56	434
56	435
56	436
56	437
56	438
56	439
56	440
56	441
56	442
56	443
56	444
56	445
56	446
56	447
56	448
56	449
56	450
56	451
56	452
57	453
57	454
57	455
57	456
57	457
57	458
57	459
57	460
57	461
57	462
57	463
57	464
57	465
57	466
57	467
57	468
57	469
57	470
57	471
57	472
57	473
57	474
57	475
57	476
34	14
34	15
34	16
34	17
34	18
34	19
34	20
34	21
34	22
34	23
34	24
34	25
34	26
34	27
34	28
34	29
34	31
46	220
46	221
46	222
46	223
46	224
46	225
46	226
46	227
46	228
46	229
46	230
46	231
46	232
46	233
46	234
46	235
46	237
42	148
42	149
42	150
42	151
42	152
42	153
42	154
42	155
42	156
42	157
42	158
42	159
42	160
42	161
42	162
43	163
43	164
43	165
43	166
43	167
43	168
43	169
43	170
43	171
43	172
43	173
43	174
43	175
43	176
43	177
43	178
43	179
43	180
43	181
43	182
43	183
43	184
43	185
43	186
44	187
44	188
44	189
44	190
44	191
44	192
44	193
44	194
44	195
44	196
44	197
44	198
44	199
44	200
44	201
44	202
44	203
44	204
44	205
44	206
44	207
44	208
45	209
45	210
45	211
45	212
45	213
45	214
45	215
45	216
45	217
45	218
45	219
47	238
47	239
47	240
47	241
47	242
47	243
47	244
47	245
47	246
47	247
47	248
47	249
47	250
47	251
47	252
47	253
47	254
47	255
47	256
47	257
47	258
47	259
47	260
48	261
48	262
48	263
48	264
48	265
48	266
48	267
48	268
48	269
48	270
48	271
48	272
48	273
48	274
49	275
49	276
49	277
49	278
49	279
49	280
49	281
49	282
49	283
49	284
49	285
49	286
49	287
49	288
49	289
49	290
49	291
49	292
49	293
49	294
49	295
49	296
49	297
49	298
50	299
50	300
50	301
50	302
50	303
50	304
50	305
50	306
50	307
50	308
50	309
50	310
50	311
50	312
50	313
50	314
50	315
50	316
51	317
51	318
51	319
51	320
51	321
51	322
51	323
51	324
51	325
51	326
51	327
51	328
51	329
51	330
51	331
51	332
51	333
51	334
51	335
51	336
51	337
51	338
51	339
51	340
52	341
52	342
52	343
52	344
52	345
52	346
52	347
52	348
52	349
52	350
52	351
52	352
52	353
52	354
52	355
52	356
52	357
52	358
52	359
52	360
52	361
52	362
52	363
52	364
52	365
52	366
53	367
53	368
53	369
53	370
53	371
53	372
53	373
53	374
53	375
53	376
53	377
53	378
53	379
53	380
53	381
53	382
53	383
54	384
54	385
54	386
54	387
54	388
54	389
54	390
54	391
54	392
54	393
54	394
54	395
54	396
54	397
54	398
54	399
54	400
54	401
54	402
54	403
54	404
54	405
55	406
55	407
55	408
55	409
55	410
55	411
55	412
55	413
55	414
55	415
55	416
55	417
55	418
55	419
55	420
55	421
55	422
55	423
55	424
55	425
55	426
55	427
55	428
56	429
56	430
56	431
56	432
56	433
56	434
56	435
56	436
56	437
56	438
56	439
56	440
56	441
56	442
56	443
56	444
56	445
56	446
56	447
56	448
56	449
56	450
56	451
56	452
57	453
57	454
57	455
57	456
57	457
57	458
57	459
57	460
57	461
57	462
57	463
57	464
57	465
57	466
57	467
57	468
57	469
57	470
57	471
57	472
57	473
57	474
57	475
57	476
34	14
34	15
34	16
34	17
34	18
34	19
34	20
34	21
34	22
34	23
34	24
34	25
34	26
34	27
34	28
34	29
34	31
46	220
46	221
46	222
46	223
46	224
46	225
46	226
46	227
46	228
46	229
46	230
46	231
46	232
46	233
46	234
46	235
46	237
42	148
42	149
42	150
42	151
42	152
42	153
42	154
42	155
42	156
42	157
42	158
42	159
42	160
42	161
42	162
43	163
43	164
43	165
43	166
43	167
43	168
43	169
43	170
43	171
43	172
43	173
43	174
43	175
43	176
43	177
43	178
43	179
43	180
43	181
43	182
43	183
43	184
43	185
43	186
44	187
44	188
44	189
44	190
44	191
44	192
44	193
44	194
44	195
44	196
44	197
44	198
44	199
44	200
44	201
44	202
44	203
44	204
44	205
44	206
44	207
44	208
45	209
45	210
45	211
45	212
45	213
45	214
45	215
45	216
45	217
45	218
45	219
47	238
47	239
47	240
47	241
47	242
47	243
47	244
47	245
47	246
47	247
47	248
47	249
47	250
47	251
47	252
47	253
47	254
47	255
47	256
47	257
47	258
47	259
47	260
48	261
48	262
48	263
48	264
48	265
48	266
48	267
48	268
48	269
48	270
48	271
48	272
48	273
48	274
49	275
49	276
49	277
49	278
49	279
49	280
49	281
49	282
49	283
49	284
49	285
49	286
49	287
49	288
49	289
49	290
49	291
49	292
49	293
49	294
49	295
49	296
49	297
49	298
50	299
50	300
50	301
50	302
50	303
50	304
50	305
50	306
50	307
50	308
50	309
50	310
50	311
50	312
50	313
50	314
50	315
50	316
51	317
51	318
51	319
51	320
51	321
51	322
51	323
51	324
51	325
51	326
51	327
51	328
51	329
51	330
51	331
51	332
51	333
51	334
51	335
51	336
51	337
51	338
51	339
51	340
52	341
52	342
52	343
52	344
52	345
52	346
52	347
52	348
52	349
52	350
52	351
52	352
52	353
52	354
52	355
52	356
52	357
52	358
52	359
52	360
52	361
52	362
52	363
52	364
52	365
52	366
53	367
53	368
53	369
53	370
53	371
53	372
53	373
53	374
53	375
53	376
53	377
53	378
53	379
53	380
53	381
53	382
53	383
54	384
54	385
54	386
54	387
54	388
54	389
54	390
54	391
54	392
54	393
54	394
54	395
54	396
54	397
54	398
54	399
54	400
54	401
54	402
54	403
54	404
54	405
55	406
55	407
55	408
55	409
55	410
55	411
55	412
55	413
55	414
55	415
55	416
55	417
55	418
55	419
55	420
55	421
55	422
55	423
55	424
55	425
55	426
55	427
55	428
56	429
56	430
56	431
56	432
56	433
56	434
56	435
56	436
56	437
56	438
56	439
56	440
56	441
56	442
56	443
56	444
56	445
56	446
56	447
56	448
56	449
56	450
56	451
56	452
57	453
57	454
57	455
57	456
57	457
57	458
57	459
57	460
57	461
57	462
57	463
57	464
57	465
57	466
57	467
57	468
57	469
57	470
57	471
57	472
57	473
57	474
57	475
57	476
34	14
34	15
34	16
34	17
34	18
34	19
34	20
34	21
34	22
34	23
34	24
34	25
34	26
34	27
34	28
34	29
34	31
46	220
46	221
46	222
46	223
46	224
46	225
46	226
46	227
46	228
46	229
46	230
46	231
46	232
46	233
46	234
46	235
46	237
42	148
42	149
42	150
42	151
42	152
42	153
42	154
42	155
42	156
42	157
42	158
42	159
42	160
42	161
42	162
43	163
43	164
43	165
43	166
43	167
43	168
43	169
43	170
43	171
43	172
43	173
43	174
43	175
43	176
43	177
43	178
43	179
43	180
43	181
43	182
43	183
43	184
43	185
43	186
44	187
44	188
44	189
44	190
44	191
44	192
44	193
44	194
44	195
44	196
44	197
44	198
44	199
44	200
44	201
44	202
44	203
44	204
44	205
44	206
44	207
44	208
45	209
45	210
45	211
45	212
45	213
45	214
45	215
45	216
45	217
45	218
45	219
47	238
47	239
47	240
47	241
47	242
47	243
47	244
47	245
47	246
47	247
47	248
47	249
47	250
47	251
47	252
47	253
47	254
47	255
47	256
47	257
47	258
47	259
47	260
48	261
48	262
48	263
48	264
48	265
48	266
48	267
48	268
48	269
48	270
48	271
48	272
48	273
48	274
49	275
49	276
49	277
49	278
49	279
49	280
49	281
49	282
49	283
49	284
49	285
49	286
49	287
49	288
49	289
49	290
49	291
49	292
49	293
49	294
49	295
49	296
49	297
49	298
50	299
50	300
50	301
50	302
50	303
50	304
50	305
50	306
50	307
50	308
50	309
50	310
50	311
50	312
50	313
50	314
50	315
50	316
51	317
51	318
51	319
51	320
51	321
51	322
51	323
51	324
51	325
51	326
51	327
51	328
51	329
51	330
51	331
51	332
51	333
51	334
51	335
51	336
51	337
51	338
51	339
51	340
52	341
52	342
52	343
52	344
52	345
52	346
52	347
52	348
52	349
52	350
52	351
52	352
52	353
52	354
52	355
52	356
52	357
52	358
52	359
52	360
52	361
52	362
52	363
52	364
52	365
52	366
53	367
53	368
53	369
53	370
53	371
53	372
53	373
53	374
53	375
53	376
53	377
53	378
53	379
53	380
53	381
53	382
53	383
54	384
54	385
54	386
54	387
54	388
54	389
54	390
54	391
54	392
54	393
54	394
54	395
54	396
54	397
54	398
54	399
54	400
54	401
54	402
54	403
54	404
54	405
55	406
55	407
55	408
55	409
55	410
55	411
55	412
55	413
55	414
55	415
55	416
55	417
55	418
55	419
55	420
55	421
55	422
55	423
55	424
55	425
55	426
55	427
55	428
56	429
56	430
56	431
56	432
56	433
56	434
56	435
56	436
56	437
56	438
56	439
56	440
56	441
56	442
56	443
56	444
56	445
56	446
56	447
56	448
56	449
56	450
56	451
56	452
57	453
57	454
57	455
57	456
57	457
57	458
57	459
57	460
57	461
57	462
57	463
57	464
57	465
57	466
57	467
57	468
57	469
57	470
57	471
57	472
57	473
57	474
57	475
57	476
34	14
34	15
34	16
34	17
34	18
34	19
34	20
34	21
34	22
34	23
34	24
34	25
34	26
34	27
34	28
34	29
34	31
46	220
46	221
46	222
46	223
46	224
46	225
46	226
46	227
46	228
46	229
46	230
46	231
46	232
46	233
46	234
46	235
46	237
42	148
42	149
42	150
42	151
42	152
42	153
42	154
42	155
42	156
42	157
42	158
42	159
42	160
42	161
42	162
\.


--
-- Data for Name: productamount; Type: TABLE DATA; Schema: public; Owner: postgres
--

COPY public.productamount (id_product_amount, product_id_product, amount) FROM stdin;
\.


--
-- Data for Name: users; Type: TABLE DATA; Schema: public; Owner: postgres
--

COPY public.users (last_name, password, gender, email, phone_number, address, register_date, last_activity, authorization_, name) FROM stdin;
Markovic	123	Muški	aca982@gmail.com	069312931	Novi Sad	23:48:50	00:48:50	1	Aleksa
Ivkovic	123	Muški	aca983@gmail.com	061239138	Krajevo	23:54:43	00:54:43	1	Aleksandar
Ignjatovic	123	Muški	aca98@gmail.com	069668854	Beograd, Block 22	21:17:24	22:17:29	0	Aleksandar
Aleksic	123	Muški	aleksandarignjatovic10@gmail.com	063123123	Beograd	16:17:37	17:17:37	1	Aleksa
Ignjatovic	123	Muški	aleksandarignjatovic6@gmail.com	069668854	Beograd, Block 22	19:53:19	20:53:28	2	Aleksandar
Ignjatovic	123	Muški	aleksandarignjatovic7@gmail.com	063846456	Beograd	15:10:59	16:10:59	1	Aleksandar
Ignjatovic	123	Muški	aleksandarignjatovic8@gmail.com	063847123	Beograd	15:21:06	16:21:06	1	Aleksandar
Stefanovic	123	Muški	ivan93@gmail.com	06334443	Beograd	18:29:33	19:29:33	1	Ivan
Markovic	123	Muški	marko98@gmail.com	069668832	Beograd	16:16:10	17:16:10	2	Marko
Markovic	123	Muški	stefan98@gmail.com	0694433454	Beograd	20:10:37	21:10:37	2	Stefan
Ignjatovic	123	Muški	aca981@gmail.com	069668854	Beograd, Block 22	23:33:09.982457	23:33:09.982457	1	Aleksandar
Vladimirovic	123	Muški	vlada94@gmail.com	123123123	Beograd	23:39:35.292669	23:39:35.293689	1	Lazar
test	123	Muški	test1@gmail.com	123	Bg	01:01:54.148783	01:01:54.148783	2	test
\.


--
-- Name: attribute_idProductAttribute_seq; Type: SEQUENCE SET; Schema: public; Owner: postgres
--

SELECT pg_catalog.setval('public."attribute_idProductAttribute_seq"', 492, true);


--
-- Name: cart_id_cart_seq; Type: SEQUENCE SET; Schema: public; Owner: postgres
--

SELECT pg_catalog.setval('public.cart_id_cart_seq', 71, true);


--
-- Name: product_idProduct_seq; Type: SEQUENCE SET; Schema: public; Owner: postgres
--

SELECT pg_catalog.setval('public."product_idProduct_seq"', 64, true);


--
-- Name: attribute attribute_pkey; Type: CONSTRAINT; Schema: public; Owner: postgres
--

ALTER TABLE ONLY public.attribute
    ADD CONSTRAINT attribute_pkey PRIMARY KEY (id_product_attribute);


--
-- Name: cart cart_pkey; Type: CONSTRAINT; Schema: public; Owner: postgres
--

ALTER TABLE ONLY public.cart
    ADD CONSTRAINT cart_pkey PRIMARY KEY (id_cart);


--
-- Name: product product_pkey; Type: CONSTRAINT; Schema: public; Owner: postgres
--

ALTER TABLE ONLY public.product
    ADD CONSTRAINT product_pkey PRIMARY KEY (id_product);


--
-- Name: productamount productamount_pkey; Type: CONSTRAINT; Schema: public; Owner: postgres
--

ALTER TABLE ONLY public.productamount
    ADD CONSTRAINT productamount_pkey PRIMARY KEY (id_product_amount);


--
-- Name: users user_pkey; Type: CONSTRAINT; Schema: public; Owner: postgres
--

ALTER TABLE ONLY public.users
    ADD CONSTRAINT user_pkey PRIMARY KEY (email);


--
-- Name: cart cart_product_idProduct_fk; Type: FK CONSTRAINT; Schema: public; Owner: postgres
--

ALTER TABLE ONLY public.cart
    ADD CONSTRAINT "cart_product_idProduct_fk" FOREIGN KEY (id_product) REFERENCES public.product(id_product) NOT VALID;


--
-- Name: cart cart_user_email_fk; Type: FK CONSTRAINT; Schema: public; Owner: postgres
--

ALTER TABLE ONLY public.cart
    ADD CONSTRAINT cart_user_email_fk FOREIGN KEY (user_email) REFERENCES public.users(email) NOT VALID;


--
-- Name: productamount fk_ProductAmount_Product; Type: FK CONSTRAINT; Schema: public; Owner: postgres
--

ALTER TABLE ONLY public.productamount
    ADD CONSTRAINT "fk_ProductAmount_Product" FOREIGN KEY (product_id_product) REFERENCES public.product(id_product);


--
-- Name: product_attribute fk_product_attribute_Attribute1; Type: FK CONSTRAINT; Schema: public; Owner: postgres
--

ALTER TABLE ONLY public.product_attribute
    ADD CONSTRAINT "fk_product_attribute_Attribute1" FOREIGN KEY (attribute_id_product_attribute) REFERENCES public.attribute(id_product_attribute);


--
-- Name: product_attribute fk_product_attribute_Product1; Type: FK CONSTRAINT; Schema: public; Owner: postgres
--

ALTER TABLE ONLY public.product_attribute
    ADD CONSTRAINT "fk_product_attribute_Product1" FOREIGN KEY (product_id_product) REFERENCES public.product(id_product);


--
-- PostgreSQL database dump complete
--

